"","p_val","avg_log2FC","pct.1","pct.2","p_val_adj","cluster","gene","pct_subtract","weighted_logFC"
"LUZP2",0,4.35941524822479,0.998,0.104,0,"eSPN","LUZP2",0.894,3.89731723191296
"FOXP2",0,3.33955450424147,1,0.674,0,"eSPN","FOXP2",0.326,1.08869476838272
"TRHDE",0,3.17414683154077,0.988,0.065,0,"eSPN","TRHDE",0.923,2.92973752551213
"ZNF804B",0,3.07249448058128,0.989,0.262,0,"eSPN","ZNF804B",0.727,2.23370348738259
"NTNG1",0,2.1292873182968,0.994,0.565,0,"eSPN","NTNG1",0.429,0.913464259549326
"RXFP1",0,2.11720135307263,0.932,0.013,0,"eSPN","RXFP1",0.919,1.94570804347375
"GFRA1",0,2.04478006332169,0.988,0.406,0,"eSPN","GFRA1",0.582,1.19006199685323
"STAC",0,2.01565169035188,0.901,0.069,0,"eSPN","STAC",0.832,1.67702220637277
"TLL1",0,1.96094579801778,0.992,0.303,0,"eSPN","TLL1",0.689,1.35109165483425
"ESRRG",0,1.84662445518561,0.999,0.979,0,"eSPN","ESRRG",0.02,0.0369324891037122
"TSHZ1",0,1.79606487182582,0.998,0.512,0,"eSPN","TSHZ1",0.486,0.87288752770735
"ILDR2",0,1.72955036093258,0.933,0.037,0,"eSPN","ILDR2",0.896,1.54967712339559
"CALCRL",0,1.67634936986679,0.776,0.106,0,"eSPN","CALCRL",0.67,1.12315407781075
"PDE8B",0,1.65349022548024,1,0.965,0,"eSPN","PDE8B",0.035,0.0578721578918084
"ARHGAP18",0,1.62074706917238,0.922,0.12,0,"eSPN","ARHGAP18",0.802,1.29983914947625
"FRAS1",0,1.53951693321508,1,0.991,0,"eSPN","FRAS1",0.00900000000000001,0.0138556523989357
"KCNH8",0,1.50978277325353,0.765,0.036,0,"eSPN","KCNH8",0.729,1.10063164170182
"PCSK2",0,1.40918738895819,1,0.996,0,"eSPN","PCSK2",0.004,0.00563674955583276
"RUNX1T1",0,1.39530559276605,1,0.977,0,"eSPN","RUNX1T1",0.023,0.0320920286336193
"MVB12B",0,1.39338679261377,1,0.992,0,"eSPN","MVB12B",0.00800000000000001,0.0111470943409101
"NKAIN2",0,1.29089380377936,1,0.983,0,"eSPN","NKAIN2",0.017,0.0219451946642491
"ANKRD61",0,1.26820870484126,0.955,0.349,0,"eSPN","ANKRD61",0.606,0.768534475133802
"SHROOM3",0,1.22144219185238,0.815,0.082,0,"eSPN","SHROOM3",0.733,0.895317126627797
"EPHA6",0,1.20934940325978,1,0.999,0,"eSPN","EPHA6",0.001,0.00120934940325978
"FRK",0,1.20679733647786,0.895,0.35,0,"eSPN","FRK",0.545,0.657704548380432
"WLS",0,1.19331435045534,0.851,0.195,0,"eSPN","WLS",0.656,0.782814213898701
"C8orf34",0,1.12220234285827,0.998,0.939,0,"eSPN","C8orf34",0.0590000000000001,0.0662099382286379
"ATP2B4",0,1.10355820068458,0.88,0.098,0,"eSPN","ATP2B4",0.782,0.862982512935339
"CASZ1",0,1.07098291179058,0.872,0.015,0,"eSPN","CASZ1",0.857,0.91783235540453
"PMEPA1",0,1.02702520672446,0.994,0.826,0,"eSPN","PMEPA1",0.168,0.172540234729709
"PBX1",0,1.01509249505852,1,0.98,0,"eSPN","PBX1",0.02,0.0203018499011705
"NT5DC1",0,1.00798033437698,0.995,0.967,0,"eSPN","NT5DC1",0.028,0.0282234493625554
"PTPRO",0,0.978544331571543,1,0.994,0,"eSPN","PTPRO",0.00600000000000001,0.00587126598942926
"PLXNA2",0,0.974940322393392,1,0.975,0,"eSPN","PLXNA2",0.025,0.0243735080598348
"GPR158",0,0.966535507290967,1,0.992,0,"eSPN","GPR158",0.00800000000000001,0.00773228405832774
"TENM4",0,0.951848122064623,1,0.991,0,"eSPN","TENM4",0.00900000000000001,0.00856663309858162
"KIRREL1",0,0.918127712728761,0.817,0.071,0,"eSPN","KIRREL1",0.746,0.684923273695656
"DOCK1",0,0.91751820832629,0.948,0.557,0,"eSPN","DOCK1",0.391,0.358749619455579
"COL11A1",0,0.911743047326508,0.992,0.679,0,"eSPN","COL11A1",0.313,0.285375573813197
"ACTN2",0,0.895660252875708,0.999,0.939,0,"eSPN","ACTN2",0.0600000000000001,0.0537396151725425
"CACNG5",0,0.89402671513874,0.819,0.04,0,"eSPN","CACNG5",0.779,0.696446811093078
"CAMK2N1",0,0.864876900207086,0.995,0.895,0,"eSPN","CAMK2N1",0.1,0.0864876900207086
"SORL1",0,0.863960668653584,0.981,0.709,0,"eSPN","SORL1",0.272,0.234997301873775
"ZSWIM6",0,0.856423847239348,1,0.999,0,"eSPN","ZSWIM6",0.001,0.000856423847239349
"GRB14",0,0.841208026956537,0.718,0.136,0,"eSPN","GRB14",0.582,0.489583071688704
"PDIA5",0,0.835881897261525,0.958,0.526,0,"eSPN","PDIA5",0.432,0.361100979616979
"FGD4",0,0.826457772526319,0.998,0.931,0,"eSPN","FGD4",0.0669999999999999,0.0553726707592633
"DPYD",0,0.817991231906866,1,0.946,0,"eSPN","DPYD",0.054,0.0441715265229708
"MSRA",0,0.814225641632899,1,0.996,0,"eSPN","MSRA",0.004,0.0032569025665316
"LRRTM3",0,0.813593396158142,1,0.996,0,"eSPN","LRRTM3",0.004,0.00325437358463257
"ASIC2",0,0.790033760725466,1,0.991,0,"eSPN","ASIC2",0.00900000000000001,0.0071103038465292
"OTOF",0,0.782699728493087,0.988,0.786,0,"eSPN","OTOF",0.202,0.158105345155603
"MYO6",0,0.776112157254135,1,0.998,0,"eSPN","MYO6",0.002,0.00155222431450827
"WSCD2",0,0.755152957915459,0.991,0.87,0,"eSPN","WSCD2",0.121,0.0913735079077706
"S100Z",0,0.742748234618066,0.742,0.189,0,"eSPN","S100Z",0.553,0.410739773743791
"RPS6KA2",0,0.731417121280956,1,0.998,0,"eSPN","RPS6KA2",0.002,0.00146283424256191
"DIRAS2",0,0.731277064404618,0.908,0.464,0,"eSPN","DIRAS2",0.444,0.32468701659565
"INSYN2A",0,0.726212958421886,0.982,0.72,0,"eSPN","INSYN2A",0.262,0.190267795106534
"RERG",0,0.72191114202912,1,0.982,0,"eSPN","RERG",0.018,0.0129944005565242
"LSM14A",0,0.719147804773241,0.997,0.918,0,"eSPN","LSM14A",0.079,0.056812676577086
"PEX14",0,0.712637735468839,0.988,0.803,0,"eSPN","PEX14",0.185,0.131837981061735
"COBL",0,0.711802770251557,0.999,0.96,0,"eSPN","COBL",0.039,0.0277603080398107
"SNTG1",0,0.686286284444101,1,0.998,0,"eSPN","SNTG1",0.002,0.0013725725688882
"MKX",0,0.650236825732114,0.592,0.035,0,"eSPN","MKX",0.557,0.362181911932788
"MAP3K1",0,0.638221614686028,0.953,0.673,0,"eSPN","MAP3K1",0.28,0.178702052112088
"CABP1",0,0.636522588360305,0.938,0.661,0,"eSPN","CABP1",0.277,0.176316756975804
"CDK17",0,0.636097440114491,1,0.993,0,"eSPN","CDK17",0.00700000000000001,0.00445268208080144
"SCD5",0,0.635523200895136,1,0.973,0,"eSPN","SCD5",0.027,0.0171591264241687
"STAMBPL1",0,0.628757624641808,0.968,0.743,0,"eSPN","STAMBPL1",0.225,0.141470465544407
"NAB1",0,0.625409139764429,0.771,0.2,0,"eSPN","NAB1",0.571,0.357108618805489
"LYPLA1",0,0.61858740937172,0.954,0.682,0,"eSPN","LYPLA1",0.272,0.168255775349108
"CRHR2",0,0.585234654215003,0.712,0.025,0,"eSPN","CRHR2",0.687,0.402056207445707
"USH2A",0,0.552153368322975,0.574,0.153,0,"eSPN","USH2A",0.421,0.232456568063972
"KALRN",0,0.544520526459826,1,0.998,0,"eSPN","KALRN",0.002,0.00108904105291965
"SCN5A",0,0.542403512324511,0.625,0.027,0,"eSPN","SCN5A",0.598,0.324357300370058
"TMEM150C",0,0.529827418330736,0.895,0.512,0,"eSPN","TMEM150C",0.383,0.202923901220672
"LECT2",0,0.526211161638762,0.516,0.034,0,"eSPN","LECT2",0.482,0.253633779909883
"PFKP",0,0.468085709917527,0.829,0.449,0,"eSPN","PFKP",0.38,0.17787256976866
"KCNK13",0,0.455828219501799,0.448,0.073,0,"eSPN","KCNK13",0.375,0.170935582313174
"LMNTD1",0,0.400385618314052,0.208,0.009,0,"eSPN","LMNTD1",0.199,0.0796767380444962
"FAM189A2",0,0.383462165890378,0.491,0.091,0,"eSPN","FAM189A2",0.4,0.153384866356151
"INSYN2B",0,0.34523021290246,0.425,0.037,0,"eSPN","INSYN2B",0.388,0.133949322606155
"SPTLC3",0,0.31483415013467,0.416,0.069,0,"eSPN","SPTLC3",0.347,0.10924745009673
"FRMD6",0,0.309057665053842,0.447,0.041,0,"eSPN","FRMD6",0.406,0.12547741201186
"FRMD7",0,0.285904382519214,0.313,0.002,0,"eSPN","FRMD7",0.311,0.0889162629634756
"MEIS3",0,0.26208550292645,0.463,0.057,0,"eSPN","MEIS3",0.406,0.106406714188139
"MAN2A1",1.12674620918504e-299,0.835543626280736,0.996,0.975,3.65865761584473e-295,"eSPN","MAN2A1",0.021,0.0175464161518955
"PAK5",7.51855733723644e-297,0.614932537932397,0.999,0.982,2.44135075297405e-292,"eSPN","PAK5",0.017,0.0104538531448508
"VSTM2L",2.64752625592407e-296,0.348279039732641,0.664,0.251,8.59678250561104e-292,"eSPN","VSTM2L",0.413,0.143839243409581
"RXRG",2.34690750582009e-295,0.478423091002179,0.706,0.301,7.62064336214843e-291,"eSPN","RXRG",0.405,0.193761351855882
"KIAA1549",8.14810742045715e-290,0.575444611940047,0.995,0.918,2.64577196049664e-285,"eSPN","KIAA1549",0.077,0.0443092351193836
"TSPEAR",7.23044032164098e-279,0.408403817337748,0.575,0.192,2.34779627684004e-274,"eSPN","TSPEAR",0.383,0.156418662040357
"GUCY1A1",1.71195382428098e-276,0.66572765699794,1,0.932,5.55888526282276e-272,"eSPN","GUCY1A1",0.0679999999999999,0.0452694806758599
"PCDH10",1.58483130299843e-267,0.641599317595359,0.998,0.95,5.1461057239662e-263,"eSPN","PCDH10",0.048,0.0307967672445773
"MAP2K1",1.96542316880781e-261,0.527538888576368,0.995,0.917,6.38192557143585e-257,"eSPN","MAP2K1",0.078,0.0411480333089567
"PCDH11Y",4.16197422584323e-260,1.64424892734044,0.636,0.32,1.35143465087356e-255,"eSPN","PCDH11Y",0.316,0.519582661039579
"GPRIN3",1.68914619486421e-258,0.657543584882515,1,0.977,5.48482660934358e-254,"eSPN","GPRIN3",0.023,0.0151235024522979
"KCNN2",5.70818209640725e-257,0.725556090245252,0.918,0.7,1.8535038085244e-252,"eSPN","KCNN2",0.218,0.158171227673465
"TRIM9",2.26364568985802e-256,0.576809074402914,1,0.994,7.35028391953796e-252,"eSPN","TRIM9",0.00600000000000001,0.00346085444641748
"C6orf141",7.19037313207807e-249,0.558782932207642,0.989,0.859,2.33478605971707e-244,"eSPN","C6orf141",0.13,0.0726417811869935
"CCDC150",3.19077197424329e-247,0.297721462112535,0.429,0.117,1.03607556775654e-242,"eSPN","CCDC150",0.312,0.0928890961791108
"TGFA",2.48893757559558e-245,0.332558511079419,0.608,0.231,8.08182920171641e-241,"eSPN","TGFA",0.377,0.125374558676941
"CAMK2A",4.35760689958432e-244,0.486885033412488,0.999,0.977,1.41495853636402e-239,"eSPN","CAMK2A",0.022,0.0107114707350748
"STK17A",1.38138289317335e-234,0.394242386406631,0.673,0.315,4.48548839242319e-230,"eSPN","STK17A",0.358,0.141138774333574
"SLC7A2",1.26145618312809e-232,0.314133429355191,0.539,0.187,4.09607437223522e-228,"eSPN","SLC7A2",0.352,0.110574967133027
"ARL13B",2.3356980166485e-231,0.653724702367723,0.978,0.917,7.58424502985935e-227,"eSPN","ARL13B",0.0609999999999999,0.039877206844431
"SGCD",9.29416140844897e-231,0.688140216129203,0.995,0.968,3.01790715093747e-226,"eSPN","SGCD",0.027,0.0185797858354885
"JAG1",3.69326826856645e-230,0.307050720736642,0.521,0.174,1.19924113948621e-225,"eSPN","JAG1",0.347,0.106546600095615
"CTNNA3",4.56299777820175e-230,0.804836397335043,0.996,0.938,1.48165100855989e-225,"eSPN","CTNNA3",0.0580000000000001,0.0466805110454325
"PRLR",3.26103953881535e-229,0.711081291871693,0.924,0.712,1.05889214864873e-224,"eSPN","PRLR",0.212,0.150749233876799
"BICC1",7.25070515274517e-225,0.717837526989354,0.806,0.487,2.35437647014788e-220,"eSPN","BICC1",0.319,0.228990171109604
"EPHA7",4.55089487388441e-223,0.5580617594005,1,0.992,1.47772107449901e-218,"eSPN","EPHA7",0.00800000000000001,0.004464494075204
"TTLL9",1.33231960354965e-220,0.407142791790902,0.687,0.339,4.32617498468606e-216,"eSPN","TTLL9",0.348,0.141685691543234
"LRATD1",5.59951369311358e-219,0.421467349704405,0.888,0.595,1.81821809129091e-214,"eSPN","LRATD1",0.293,0.123489933463391
"NPTX1",7.78678802257508e-219,0.328437072577094,0.633,0.267,2.52844793881035e-214,"eSPN","NPTX1",0.366,0.120207968563217
"TRMT9B",2.38056261461043e-215,0.531489140150558,0.988,0.948,7.72992486590154e-211,"eSPN","TRMT9B",0.04,0.0212595656060223
"SYTL5",5.30834437173902e-212,0.55814741429221,1,0.977,1.72367250094738e-207,"eSPN","SYTL5",0.023,0.0128373905287208
"BCL9",1.15200940962148e-211,0.289179277688577,0.557,0.216,3.7406897539819e-207,"eSPN","BCL9",0.341,0.0986101336918047
"TBC1D8",2.28028914208433e-208,0.488994935378492,0.932,0.728,7.40432687326203e-204,"eSPN","TBC1D8",0.204,0.0997549668172124
"ZADH2",2.5957295688613e-207,0.391725456580528,0.886,0.624,8.42859348304954e-203,"eSPN","ZADH2",0.262,0.102632069624098
"CACNA1I",1.63527742215744e-205,0.426643041165656,0.922,0.692,5.30990931748743e-201,"eSPN","CACNA1I",0.23,0.0981278994681009
"C11orf87",2.23737765711472e-205,0.420062345564282,0.931,0.733,7.26498899041722e-201,"eSPN","C11orf87",0.198,0.0831723444217278
"DRD1",7.99526981123303e-202,0.408229505451495,0.935,0.527,2.59614406040548e-197,"eSPN","DRD1",0.408,0.16655763822421
"NCAN",3.87478647282786e-200,0.431123903899662,0.964,0.801,1.25818191559193e-195,"eSPN","NCAN",0.163,0.0702731963356448
"MAPKAP1",5.03114507523014e-191,0.44730643648571,1,0.99,1.63366311737798e-186,"eSPN","MAPKAP1",0.01,0.0044730643648571
"NIPAL2",2.11683275722814e-183,0.492030122607642,0.896,0.643,6.8735676459955e-179,"eSPN","NIPAL2",0.253,0.124483621019733
"TSPAN5",7.53771188879752e-178,0.515346111018134,0.998,0.981,2.44757042741144e-173,"eSPN","TSPAN5",0.017,0.00876088388730828
"PPP1R12B",7.6077479365848e-178,0.393161049312455,1,0.999,2.47031183248845e-173,"eSPN","PPP1R12B",0.001,0.000393161049312456
"FAM20C",9.33180652673375e-177,0.330591444210641,0.744,0.432,3.03013089729572e-172,"eSPN","FAM20C",0.312,0.10314453059372
"MAP3K13",1.87036300534028e-171,0.44028885542168,1,0.992,6.07325571464043e-167,"eSPN","MAP3K13",0.00800000000000001,0.00352231084337345
"CRADD",3.12183365195403e-171,0.584113384800364,0.991,0.907,1.01369060512599e-166,"eSPN","CRADD",0.084,0.0490655243232306
"VGF",4.12067255361724e-169,0.305135063216402,0.596,0.271,1.33802358488506e-164,"eSPN","VGF",0.325,0.0991688955453306
"PDLIM5",9.5394082480483e-169,0.495139100310604,0.794,0.527,3.09754125222376e-164,"eSPN","PDLIM5",0.267,0.132202139782931
"KIAA1549L",5.16741556846377e-161,0.408743138311668,1,0.999,1.67791150923587e-156,"eSPN","KIAA1549L",0.001,0.000408743138311669
"LYRM4",1.36299659096949e-156,0.469846969519647,0.971,0.883,4.42578623053704e-152,"eSPN","LYRM4",0.088,0.0413465333177289
"DLG1",1.22814660255793e-153,0.390260618436015,1,0.996,3.98791483316585e-149,"eSPN","DLG1",0.004,0.00156104247374406
"MPP7",1.99610229839333e-153,0.40558121447318,0.969,0.856,6.48154377311298e-149,"eSPN","MPP7",0.113,0.0458306772354694
"KLHL4",2.71874952840881e-153,0.40410930359309,0.73,0.406,8.82805159369623e-149,"eSPN","KLHL4",0.324,0.130931414364161
"DNAH7",2.01210560407579e-149,0.359058600836759,0.8,0.502,6.5335081069945e-145,"eSPN","DNAH7",0.298,0.106999463049354
"ARL6",5.70016191401496e-149,0.428644056170582,0.961,0.875,1.8508995750998e-144,"eSPN","ARL6",0.086,0.03686338883067
"KAT2B",5.95620030472906e-149,0.457177541270668,0.929,0.785,1.93403780094857e-144,"eSPN","KAT2B",0.144,0.0658335659429763
"RANBP9",3.63243140082573e-148,0.388082508625011,0.995,0.972,1.17948680016212e-143,"eSPN","RANBP9",0.023,0.00892589769837526
"SLITRK5",4.09782340608434e-145,0.382773834770098,0.988,0.937,1.33060423818964e-140,"eSPN","SLITRK5",0.0509999999999999,0.019521465573275
"FAM53B",5.13038331198142e-143,0.341548354938041,0.87,0.664,1.66588676523349e-138,"eSPN","FAM53B",0.206,0.0703589611172364
"PIK3R1",2.63055942003922e-138,0.456734355648945,0.991,0.972,8.54168949280934e-134,"eSPN","PIK3R1",0.019,0.00867795275732996
"OSBPL10",4.91098544599133e-137,0.397425001296638,0.918,0.723,1.59464608416785e-132,"eSPN","OSBPL10",0.195,0.0774978752528445
"NEO1",4.92231956831811e-137,0.364672309876737,0.997,0.967,1.59832638702857e-132,"eSPN","NEO1",0.03,0.0109401692963021
"FARS2",1.83404623759234e-136,0.411479583854217,0.999,0.997,5.95533153808608e-132,"eSPN","FARS2",0.002,0.000822959167708435
"SEMA3A",4.73744477193636e-136,0.529774478374658,0.958,0.795,1.53829569189546e-131,"eSPN","SEMA3A",0.163,0.0863532399750693
"GALNT1",1.34444817449985e-131,0.414497384031447,0.992,0.964,4.36555766741847e-127,"eSPN","GALNT1",0.028,0.0116059267528805
"NDRG4",2.66122165112702e-131,0.332705658126913,0.995,0.979,8.64125282337456e-127,"eSPN","NDRG4",0.016,0.00532329053003062
"ATP8B1",3.38455613589228e-131,0.275780493151329,0.495,0.228,1.09899922288558e-126,"eSPN","ATP8B1",0.267,0.0736333916714048
"SYNDIG1",3.12593776759124e-129,0.440615930786776,0.958,0.852,1.01502325251455e-124,"eSPN","SYNDIG1",0.106,0.0467052886633982
"NUP93",1.04408888118904e-128,0.370431981008202,0.999,0.991,3.39026100610895e-124,"eSPN","NUP93",0.00800000000000001,0.00296345584806561
"ZMYND8",5.41488061505333e-128,0.367384010709289,1,0.995,1.75826588451397e-123,"eSPN","ZMYND8",0.005,0.00183692005354645
"KCNT1",3.73235952634095e-127,0.412886562966175,0.938,0.823,1.21193446179817e-122,"eSPN","KCNT1",0.115,0.0474819547411102
"SHTN1",1.02567068971157e-125,0.357492703668558,0.995,0.95,3.33045529656245e-121,"eSPN","SHTN1",0.045,0.0160871716650851
"DIPK1A",2.40144103591171e-125,0.374987353257027,0.998,0.991,7.79771918770893e-121,"eSPN","DIPK1A",0.00700000000000001,0.00262491147279919
"WWC2",4.25962088551566e-122,0.330984128563294,0.96,0.831,1.38314149773579e-117,"eSPN","WWC2",0.129,0.0426969525846649
"TANK",4.29105652981671e-122,0.368874145549446,0.992,0.967,1.39334896579678e-117,"eSPN","TANK",0.025,0.00922185363873615
"EEPD1",3.05133754828982e-120,0.348942367120678,0.924,0.769,9.90799815305189e-116,"eSPN","EEPD1",0.155,0.0540860669037051
"TMEM132B",6.45249573953255e-118,0.316171203658259,1,0.998,2.09518989158361e-113,"eSPN","TMEM132B",0.002,0.000632342407316518
"SSBP3",9.32404634631742e-118,0.352395882025929,0.979,0.92,3.02761108911273e-113,"eSPN","SSBP3",0.0589999999999999,0.0207913570395298
"ADAM9",3.43753685159992e-117,0.275402295831649,0.873,0.652,1.11620259108301e-112,"eSPN","ADAM9",0.221,0.0608639073787944
"DOK6",7.72631790016762e-117,0.446605232180107,0.997,0.996,2.50881268536343e-112,"eSPN","DOK6",0.001,0.000446605232180107
"SVIL",1.75626677782848e-115,0.388466423314423,0.576,0.331,5.70277385428686e-111,"eSPN","SVIL",0.245,0.0951742737120337
"LRPAP1",1.42591338634993e-114,0.329383658549988,0.968,0.879,4.63008335681686e-110,"eSPN","LRPAP1",0.089,0.0293151456109489
"SLC41A2",4.00427111531088e-112,0.321671665095112,0.993,0.966,1.30022687385259e-107,"eSPN","SLC41A2",0.027,0.00868513495756803
"DGKZ",7.11122413023086e-112,0.30376749088108,0.972,0.887,2.30908558732726e-107,"eSPN","DGKZ",0.085,0.0258202367248918
"PDE4A",4.44931099093318e-111,0.32126823638336,0.927,0.772,1.44473577186591e-106,"eSPN","PDE4A",0.155,0.0497965766394208
"TRANK1",1.16978558108982e-110,0.342198199307928,0.988,0.964,3.79841076035676e-106,"eSPN","TRANK1",0.024,0.00821275678339027
"DLGAP4",5.09862666806579e-106,0.321791905989667,1,0.994,1.65557506538764e-101,"eSPN","DLGAP4",0.00600000000000001,0.001930751435938
"ABCB9",8.2215818811711e-106,0.313956076154239,0.953,0.853,2.66962985263507e-101,"eSPN","ABCB9",0.1,0.0313956076154239
"KCNH3",3.48708630445918e-105,0.277458882334654,0.892,0.692,1.13229179392094e-100,"eSPN","KCNH3",0.2,0.0554917764669307
"DLG3",6.75030950879394e-105,0.257669635056239,0.883,0.684,2.19189300060048e-100,"eSPN","DLG3",0.199,0.0512762573761915
"CHL1",4.82934694804022e-101,0.44452472644517,0.996,0.995,1.56813724749814e-96,"eSPN","CHL1",0.001,0.00044452472644517
"NECTIN3",9.25658161898829e-101,0.321092044315652,0.536,0.299,3.00570461750169e-96,"eSPN","NECTIN3",0.237,0.0760988145028095
"RNASET2",3.79851694117628e-98,0.266502949882124,0.947,0.813,1.23341643596935e-93,"eSPN","RNASET2",0.134,0.0357113952842046
"LRRC8C",7.76299047592603e-98,0.336702446835732,0.87,0.685,2.52072063743794e-93,"eSPN","LRRC8C",0.185,0.0622899526646103
"BZW2",9.76619132914152e-98,0.323493786581351,0.965,0.887,3.17117998648554e-93,"eSPN","BZW2",0.078,0.0252325153533453
"GRIA3",4.1102020705922e-97,0.309775565226777,1,0.996,1.33462371434199e-92,"eSPN","GRIA3",0.004,0.00123910226090711
"CPE",4.32744815826793e-97,0.322298056417493,1,0.998,1.40516569147118e-92,"eSPN","CPE",0.002,0.000644596112834987
"PITPNM2",1.7108911918668e-96,0.29886961312845,0.981,0.929,5.55543478911069e-92,"eSPN","PITPNM2",0.0519999999999999,0.0155412198826794
"FAM171B",1.45205541230705e-95,0.349787965334755,0.995,0.983,4.71496912930223e-91,"eSPN","FAM171B",0.012,0.00419745558401706
"NF2",2.12145134485984e-95,0.265115390153112,0.848,0.675,6.88856466189439e-91,"eSPN","NF2",0.173,0.0458649624964883
"HECW1",4.92862140012959e-95,0.325597240110563,1,0.992,1.60037265483608e-90,"eSPN","HECW1",0.00800000000000001,0.00260477792088451
"PJA2",3.71692190059742e-93,0.307925992447737,0.998,0.996,1.20692171034299e-88,"eSPN","PJA2",0.002,0.000615851984895475
"NPL",5.00289240184132e-92,0.290937820844287,0.728,0.504,1.6244891918019e-87,"eSPN","NPL",0.224,0.0651700718691203
"PCP4L1",8.19690074763253e-92,0.277255851519782,0.912,0.732,2.66161564176376e-87,"eSPN","PCP4L1",0.18,0.0499060532735608
"B4GALNT3",5.02313135371844e-90,0.260350406724726,0.666,0.434,1.63106098186591e-85,"eSPN","B4GALNT3",0.232,0.0604012943601365
"KLHL21",5.02972515975759e-87,0.336124527264542,1,0.986,1.63320205662489e-82,"eSPN","KLHL21",0.014,0.00470574338170359
"RBFOX3",2.48148987112781e-86,0.267665870022146,1,0.988,8.0576457605391e-82,"eSPN","RBFOX3",0.012,0.00321199044026576
"ITGA9",3.42277016812519e-85,0.508684351575973,0.789,0.64,1.11140770129193e-80,"eSPN","ITGA9",0.149,0.07579396838482
"CDR2",4.25884816152406e-82,0.31756705910297,1,0.993,1.38289058652848e-77,"eSPN","CDR2",0.00700000000000001,0.00222296941372079
"KLHL29",1.1314890279535e-81,0.413544037152229,0.994,0.985,3.67405802266782e-77,"eSPN","KLHL29",0.00900000000000001,0.00372189633437006
"EPHA10",4.95574574326679e-81,0.2995659567476,0.916,0.804,1.60918020029616e-76,"eSPN","EPHA10",0.112,0.0335513871557312
"ENOX1",9.3671667123538e-80,0.331353480250368,1,0.991,3.0416127031684e-75,"eSPN","ENOX1",0.00900000000000001,0.00298218132225332
"KCNH5",2.01171060839343e-79,0.344747651158437,0.322,0.144,6.53222551651431e-75,"eSPN","KCNH5",0.178,0.0613650819062018
"PROS1",6.24253894138861e-79,0.352996886674454,0.671,0.464,2.0270148196583e-74,"eSPN","PROS1",0.207,0.0730703555416119
"ANKMY2",3.57096855330827e-76,0.266930493047997,0.974,0.928,1.15952919894473e-71,"eSPN","ANKMY2",0.0459999999999999,0.0122788026802078
"GALNT18",8.95202642478338e-72,0.302500104338684,0.995,0.961,2.90681250039141e-67,"eSPN","GALNT18",0.034,0.0102850035475153
"PHLPP1",1.05020128365526e-70,0.273714272152973,0.992,0.965,3.41010858815699e-66,"eSPN","PHLPP1",0.027,0.00739028534813028
"SLC1A2",5.66121054178722e-68,0.262312291471545,0.485,0.301,1.83825167502373e-63,"eSPN","SLC1A2",0.184,0.0482654616307642
"KIF13A",1.36557096679833e-66,0.258643479452972,0.906,0.78,4.43414548629086e-62,"eSPN","KIF13A",0.126,0.0325890784110744
"DAPK1",4.25970746087937e-65,0.28971058557668,1,0.998,1.38316960962214e-60,"eSPN","DAPK1",0.002,0.000579421171153359
"SNX9",2.20312784268916e-64,0.26313125220097,0.985,0.964,7.15377641799597e-60,"eSPN","SNX9",0.021,0.00552575629622037
"NYAP2",3.63430666104819e-63,0.266502880625472,0.992,0.978,1.18009571590896e-58,"eSPN","NYAP2",0.014,0.00373104032875661
"PLXNA4",5.23931599404833e-61,0.257425409398791,1,0.989,1.70125829642743e-56,"eSPN","PLXNA4",0.011,0.0028316795033867
"CBLB",2.58913924430697e-60,0.257594566017526,0.972,0.92,8.40719404018917e-56,"eSPN","CBLB",0.0519999999999999,0.0133949174329113
"FAM78B",3.96686335737046e-60,0.254681943277512,0.927,0.84,1.28808020077176e-55,"eSPN","FAM78B",0.0870000000000001,0.0221573290651436
"LRP12",4.51466973686996e-60,0.250504975398003,0.998,0.977,1.46595841025904e-55,"eSPN","LRP12",0.021,0.00526060448335806
"PER3",1.09056402728564e-59,0.272990424515638,0.968,0.913,3.54117045299921e-55,"eSPN","PER3",0.0549999999999999,0.0150144733483601
"ALCAM",1.63449243450243e-58,0.343369110937906,0.999,0.979,5.30736038407285e-54,"eSPN","ALCAM",0.02,0.00686738221875813
"ABL2",3.22411084878387e-58,0.255311777992804,1,0.993,1.04690103370861e-53,"eSPN","ABL2",0.00700000000000001,0.00178718244594963
"ZNF827",1.84533135309263e-57,0.290853777187918,0.984,0.968,5.99197543662707e-53,"eSPN","ZNF827",0.016,0.00465366043500669
"STMN2",5.93362564487257e-54,0.268540487599826,0.976,0.938,1.92670758314657e-49,"eSPN","STMN2",0.038,0.0102045385287934
"LRRC8B",1.14034491842324e-53,0.254867013491962,0.994,0.975,3.7028139846121e-49,"eSPN","LRRC8B",0.019,0.00484247325634729
"CADM1",1.51430059473007e-49,0.340578518794573,0.998,0.996,4.91708546114801e-45,"eSPN","CADM1",0.002,0.000681157037589146
"MALRD1",1.4448299691604e-45,0.299743558162846,0.38,0.222,4.69150739286072e-41,"eSPN","MALRD1",0.158,0.0473594821897297
"PRKD1",7.88594574841712e-44,0.303037318381339,0.989,0.973,2.56064544396852e-39,"eSPN","PRKD1",0.016,0.00484859709410143
"MT-ND1",7.00500073896824e-20,0.447270777516361,0.905,0.841,2.27459378995038e-15,"eSPN","MT-ND1",0.0640000000000001,0.0286253297610471
"MT-ND2",1.00087185348202e-16,0.416433473346358,0.924,0.881,3.24993099544146e-12,"eSPN","MT-ND2",0.043,0.0179066393538934
"MT-ND3",4.46478029358495e-14,0.730070997159592,0.94,0.905,1.44975880912997e-09,"eSPN","MT-ND3",0.0349999999999999,0.0255524849005857
